Date,Close,Volume,Open,High,Low
11/30/2023,133.92,29913530,136.4,136.96,132.79
11/29/2023,136.4,21014720,138.99,139.67,136.3
11/28/2023,138.62,17046870,137.63,138.66,137.04
11/27/2023,138.05,17886390,137.57,139.63,137.54
11/24/2023,138.22,8828640,139.54,139.68,137.47
11/22/2023,140.02,17310210,139.1,141.1,139
11/21/2023,138.62,17648070,137.94,138.97,137.71
11/20/2023,137.92,19589010,135.5,138.43,135.49
11/17/2023,136.94,25590190,137.82,138,135.48
11/16/2023,138.7,17615070,136.96,138.88,136.08
11/15/2023,136.38,15840880,136.64,136.84,135.33
11/14/2023,135.43,22317350,135.65,137.24,135.1
11/13/2023,133.64,16409860,133.36,134.11,132.77
11/10/2023,134.06,20879840,131.53,134.27,130.87
11/09/2023,131.69,17976530,133.36,133.96,131.51
11/08/2023,133.26,15093600,132.36,133.54,132.16
11/07/2023,132.4,19223790,131.98,133.28,131.14
11/06/2023,131.45,15360360,130.22,131.56,129.93
11/03/2023,130.37,19529450,129.09,130.73,129.01
11/02/2023,128.58,24091670,129.56,130.09,128.11
11/01/2023,127.57,26536600,125.34,127.74,124.93
10/31/2023,125.3,21123420,126.27,126.56,123.93
10/30/2023,125.75,24165630,124.46,126.55,123.88
10/27/2023,123.4,37367670,124.03,124.44,121.46
10/26/2023,123.44,33907360,124.47,125.46,122.32
10/25/2023,126.67,58796070,129.77,130.1,126.09
10/24/2023,140.12,26535200,139.16,140.71,138.75
10/23/2023,137.9,20780670,136.23,139.02,135.11
10/20/2023,136.74,24970260,138.59,139.04,136.25
10/19/2023,138.98,21831180,139.8,141.01,138.6
10/18/2023,139.28,18304870,140.75,141.99,138.71
10/17/2023,140.99,17424020,140.03,141.25,138.53
10/16/2023,140.49,17345560,139.73,140.91,139.32
10/13/2023,138.58,19447570,140.65,141.34,137.97
10/12/2023,140.29,18173110,142.16,142.38,139.45
10/11/2023,141.7,20146340,139.85,142.22,139.84
10/10/2023,139.2,19554920,139.51,140.74,138.43
10/09/2023,139.5,16599100,137.99,139.97,136.7
10/06/2023,138.73,20826680,134.94,139.19,134.94
10/05/2023,135.99,15922940,136.13,136.5,134.46
10/04/2023,136.27,22847990,133.66,136.57,133.43
10/03/2023,133.3,19628740,134.93,135.24,132.82
10/02/2023,135.17,19210390,132.16,135.36,132.07
09/29/2023,131.85,23237340,134.08,134.89,131.32
09/28/2023,133.13,18201390,130.69,134.18,130.69
09/27/2023,131.46,18764200,129.44,131.72,129.38
09/26/2023,129.45,20378790,130.91,131.41,128.19
09/25/2023,132.17,14650030,130.77,132.22,130.03
09/22/2023,131.25,17355280,131.68,133.01,130.51
09/21/2023,131.36,22058380,132.39,133.19,131.09
09/20/2023,134.59,21473530,138.83,138.84,134.52
09/19/2023,138.83,15484640,138.25,139.18,137.5
09/18/2023,138.96,16233590,137.63,139.93,137.63
09/15/2023,138.3,48958840,138.8,139.36,137.18
09/14/2023,138.99,19064610,138.39,139.55,137.06
09/13/2023,137.5,16394920,135.9,137.7,134.93
09/12/2023,136.07,15212930,137.13,137.64,135.93
09/11/2023,137.74,17180760,137.38,138.26,136.55
09/08/2023,137.2,17820010,135.87,137.52,135.87
09/07/2023,136.2,16975960,134.6,136.58,133.96
09/06/2023,135.37,15814330,137.02,137.48,134.69
09/05/2023,136.71,17730220,136.44,137.37,135.56
09/01/2023,136.8,16671650,138.43,138.58,135.94
08/31/2023,137.35,28147850,137.05,138.4,136.82
08/30/2023,136.93,21773360,135.57,137.25,135.02
08/29/2023,135.49,30803270,133,137.3,132.98
08/28/2023,131.79,16715470,132.08,133.24,130.85
08/25/2023,130.69,20678100,130.14,131.4,128.04
08/24/2023,130.42,18680380,134.73,134.97,130.3
08/23/2023,133.21,26497030,130.85,134.07,130.51
08/22/2023,129.69,15569370,129.13,130.95,128.93
08/21/2023,128.93,21851070,127.85,129.26,127.16
08/18/2023,128.11,23627200,129.06,129.83,127
08/17/2023,130.46,23665560,130.45,132.49,129.85
08/16/2023,129.11,17548360,129.28,130.9,128.46
08/15/2023,130.27,14769170,131.59,131.99,129.82
08/14/2023,131.83,17526200,129.85,131.91,129.59
08/11/2023,130.17,15205470,129.2,130.44,128.75
08/10/2023,130.21,17855680,131.97,132.65,130.04
08/09/2023,130.15,17745220,132.19,132.47,129.51
08/08/2023,131.84,16835950,130.98,131.94,130.13
08/07/2023,131.94,17621040,129.51,132.06,129.43
08/04/2023,128.54,20521850,129.6,131.93,128.32
08/03/2023,128.77,15086130,128.37,129.77,127.78
08/02/2023,128.64,22705780,129.84,130.42,127.85
08/01/2023,131.89,22219010,130.86,132.92,130.75
07/31/2023,133.11,18381890,133.01,133.83,132.13
07/28/2023,133.01,26971010,130.97,134.07,130.92
07/27/2023,129.87,35931610,131.8,133.6,129.18
07/26/2023,129.66,46216900,130.36,131.37,128.71
07/25/2023,122.79,31820850,121.88,123.69,121.53
07/24/2023,121.88,22312220,121.93,123.35,121.38
07/21/2023,120.31,56514650,120.87,121.3,119.07
07/20/2023,119.53,27541710,122.12,124.7,118.69
07/19/2023,122.78,22313800,124.79,125.47,122.47
07/18/2023,124.08,21071250,124.91,124.99,123.3
07/17/2023,125.06,20675300,126.06,127.28,124.5
07/14/2023,125.7,20499780,125.13,127.09,124.9
07/13/2023,124.83,31535850,121.54,125.34,121.06
07/12/2023,119.62,22059610,119.3,120.96,119
07/11/2023,117.71,18286570,116.76,118.23,115.83
07/10/2023,116.87,32960080,119.07,119.07,116.64
07/07/2023,120.14,20997670,120.89,121.75,120.09
07/06/2023,120.93,17750180,120.64,121.15,119.25
07/05/2023,122.63,17830350,120.06,123.37,120.06
07/03/2023,120.56,13871720,120.32,121.02,119.71
06/30/2023,120.97,23871760,121.1,122.03,120.88
06/29/2023,120.01,18517460,120.09,120.91,119.21
06/28/2023,121.08,19753150,117.96,121.27,117.6
06/27/2023,119.01,27221710,117.84,119.9,116.91
06/26/2023,119.09,23184960,121.47,122.72,118.99
06/23/2023,123.02,29573120,122.04,123.44,121.86
06/22/2023,123.87,20781890,120.66,123.94,119.6
06/21/2023,121.26,22612000,123.24,123.41,120.86
06/20/2023,123.85,22698030,123.54,125.18,122.83
06/16/2023,124.06,56699200,126.7,126.7,123.79
06/15/2023,125.79,24517070,123.88,126.16,123.14
06/14/2023,124.38,24659620,123.8,124.79,122.16
06/13/2023,124.43,19287650,125.65,125.86,123.85
06/12/2023,124.35,22289630,123.4,124.75,122.35
06/09/2023,122.87,20313680,122.56,124.29,122.42
06/08/2023,122.67,24815000,122.59,123.73,122.01
06/07/2023,122.94,34179350,127.58,129.55,122.63
06/06/2023,127.91,19450130,126.6,128.88,125.97
06/05/2023,126.63,22672520,124.61,127.99,124.38
06/02/2023,125.23,19367450,124.49,126.75,124.35
06/01/2023,124.37,25017670,123.5,125.04,123.3
05/31/2023,123.37,41548760,123.7,124.9,123.1
05/30/2023,124.64,27230730,126.29,126.38,122.89
05/26/2023,125.43,25169040,124.07,126,123.29
05/25/2023,124.35,33812730,125.21,125.98,122.9
05/24/2023,121.64,23087930,121.88,122.75,120.75
05/23/2023,123.29,24477950,124.93,125.42,123.05
05/22/2023,125.87,29760240,123.51,127.05,123.45
05/19/2023,123.25,30268860,124.2,126.48,122.72
05/18/2023,123.52,27014470,121.56,123.9,121.49
05/17/2023,121.48,26659560,120.18,122.28,119.46
05/16/2023,120.09,32370110,116.83,121.2,116.83
05/15/2023,116.96,22107870,116.49,118.8,116.48
05/12/2023,117.92,31293780,117,118.26,116.55
05/11/2023,116.9,57115080,115.86,118.44,114.93
05/10/2023,112.28,47533460,108.55,113.51,108.48
05/09/2023,107.94,24782440,108.78,110.6,107.73
05/08/2023,108.24,17266020,105.8,108.42,105.79
05/05/2023,106.22,20710630,105.32,106.44,104.74
05/04/2023,105.21,19780640,106.16,106.3,104.7
05/03/2023,106.12,17116330,106.22,108.13,105.62
05/02/2023,105.98,20343120,107.66,107.73,104.5
05/01/2023,107.71,20926260,107.72,108.68,107.5
04/28/2023,108.22,23957870,107.8,108.29,106.04
04/27/2023,108.37,38235220,105.23,109.15,104.42
04/26/2023,104.45,37068170,105.56,107.02,103.27
04/25/2023,104.61,31408120,106.61,107.44,104.56
04/24/2023,106.78,21410910,106.05,107.32,105.36
04/21/2023,105.91,22379020,106.09,106.64,105.49
04/20/2023,105.9,22515330,104.65,106.89,104.64
04/19/2023,105.02,16732020,104.22,105.73,103.8
04/18/2023,105.12,17641370,107,107.05,104.78
04/17/2023,106.42,29043440,105.43,106.71,105.32
04/14/2023,109.46,20758690,107.69,109.58,107.59
04/13/2023,108.19,21650750,106.47,108.27,106.44
04/12/2023,105.22,22761570,107.39,107.59,104.97
04/11/2023,106.12,18721280,106.92,107.22,105.28
04/10/2023,106.95,19741520,107.39,107.97,105.6
04/06/2023,108.9,34684150,105.77,109.63,104.82
04/05/2023,104.95,21864200,106.12,106.54,104.1
04/04/2023,105.12,20377230,104.84,106.1,104.6
04/03/2023,104.91,20719860,102.67,104.95,102.38
03/31/2023,104,28107950,101.71,104.19,101.44
03/30/2023,101.32,25009830,101.44,101.61,100.29
03/29/2023,101.9,26148300,102.72,102.82,101.03
03/28/2023,101.36,24913480,103,103,100.28
03/27/2023,103.06,25393420,105.32,105.4,102.63
03/24/2023,106.06,25245010,105.74,106.16,104.74
03/23/2023,106.26,31385820,105.89,107.1,105.41
03/22/2023,104.22,32336880,105.14,107.51,104.21
03/21/2023,105.84,33122800,101.98,105.96,101.86
03/20/2023,101.93,26033920,101.06,102.58,100.79
03/17/2023,102.46,76140310,100.84,103.49,100.75
03/16/2023,101.07,54588200,96.57,101.97,95.87
03/15/2023,96.55,38367330,93.54,97.25,93.04
03/14/2023,94.25,32303880,93.07,94.83,92.78
03/13/2023,91.66,31508570,90.57,93.08,89.94
03/10/2023,91.01,32850090,92.5,93.18,90.8
03/09/2023,92.66,24438890,94.49,95.92,92.36
03/08/2023,94.65,25395200,94.41,96.24,94.41
03/07/2023,94.17,24101540,95.42,96.09,93.84
03/06/2023,95.58,28288210,94.36,96.3,94.3
03/03/2023,94.02,30242540,92.74,94.11,92.66
03/02/2023,92.31,23344560,89.86,92.48,89.77
03/01/2023,90.51,26323880,90.16,91.2,89.85
02/28/2023,90.3,30546910,89.54,91.45,89.52
02/27/2023,90.1,22724260,90.09,90.45,89.61
02/24/2023,89.35,31295620,89.63,90.13,88.86
02/23/2023,91.07,32423720,92.13,92.13,90.01
02/22/2023,91.8,29891140,91.93,92.36,90.87
02/21/2023,92.05,28367200,93.24,93.41,92
02/17/2023,94.59,31095070,95.07,95.75,93.45
02/16/2023,95.78,35642110,95.54,97.88,94.97
02/15/2023,97.1,37029890,94.74,97.34,94.36
02/14/2023,94.95,42513080,94.66,95.18,92.65
02/13/2023,95,43116560,95.01,95.35,94.05
02/10/2023,94.86,49325280,95.74,97.02,94.53
02/09/2023,95.46,97798570,100.54,100.61,93.86
02/08/2023,100,73546030,102.69,103.58,98.46
02/07/2023,108.04,33738830,103.63,108.67,103.55
02/06/2023,103.47,25573050,102.69,104.7,102.21
02/03/2023,105.22,36823420,103.51,108.02,103.3
02/02/2023,108.8,46622630,106.79,108.82,106.54
02/01/2023,101.43,26392570,99.74,102.19,98.42
01/31/2023,99.87,22306780,97.86,99.91,97.79
01/30/2023,97.95,24365140,98.75,99.41,97.52
01/27/2023,100.71,29020350,99.05,101.58,98.97
01/26/2023,99.16,24542060,98.28,99.21,96.82
01/25/2023,96.73,31000850,97.2,97.72,95.26
01/24/2023,99.21,27391370,99.55,101.09,98.7
01/23/2023,101.21,31791780,99.13,101.4,98.75
01/20/2023,99.28,53704760,95.95,99.42,95.91
01/19/2023,93.91,28707650,91.39,94.4,91.38
01/18/2023,91.78,19641620,92.94,93.59,91.4
01/17/2023,92.16,22935820,92.78,92.97,90.84
01/13/2023,92.8,18630710,91.53,92.98,90.93
01/12/2023,91.91,22754220,92.4,92.62,90.57
01/11/2023,92.26,25998840,90.06,92.45,89.74
01/10/2023,89.24,22855590,86.72,89.48,86.7
01/09/2023,88.8,22996680,89.2,90.83,88.58
01/06/2023,88.16,26612630,87.36,88.47,85.57
01/05/2023,86.77,23136080,88.07,88.21,86.56
01/04/2023,88.71,27046480,91.01,91.24,87.8
01/03/2023,89.7,20738460,89.83,91.55,89.02
12/30/2022,88.73,19190300,87.37,88.83,87.03
12/29/2022,88.95,18280660,87.03,89.37,86.99
12/28/2022,86.46,17879570,87.5,88.52,86.37
12/27/2022,87.93,15470870,89.31,89.5,87.54
12/23/2022,89.81,17815010,87.62,90.1,87.62
12/22/2022,88.26,23656070,88.93,89.18,86.94
12/21/2022,90.25,20336390,89.73,90.92,88.91
12/20/2022,89.63,21976850,88.73,89.78,88.04
12/19/2022,89.15,23020540,90.88,91.2,88.93
12/16/2022,90.86,48485510,91.2,91.75,90.01
12/15/2022,91.2,28298760,93.54,94.03,90.43
12/14/2022,95.31,26452940,95.54,97.22,93.94
12/13/2022,95.85,34788520,98.07,99.8,95.38
12/12/2022,93.56,27380950,93.09,93.87,91.9
12/09/2022,93.07,21885310,93.9,94.49,93.02
12/08/2022,93.95,25593230,95.69,95.87,93.8
12/07/2022,95.15,26647880,96.77,97.31,95.03
12/06/2022,97.31,20877620,99.67,100.21,96.76
12/05/2022,99.87,19955550,99.82,101.75,99.36
12/02/2022,100.83,18821530,99.37,101.15,99.17
12/01/2022,101.28,21771540,101.4,102.59,100.67
11/30/2022,101.45,39888070,95.12,101.45,94.67
11/29/2022,95.44,20220010,96,96.39,94.39
11/28/2022,96.25,19981970,97.2,97.83,95.89
11/25/2022,97.6,8567819,98.47,98.94,97.53
11/23/2022,98.82,17568860,97.34,99.07,97.34
11/22/2022,97.33,18868850,96.16,97.55,94.41
11/21/2022,95.83,18696870,97.56,98.72,95.67
11/18/2022,97.8,24969880,99.01,99.16,96.74
11/17/2022,98.5,21818730,97.18,99.48,97.1
11/16/2022,98.99,24660200,98.02,99.85,97.9
11/15/2022,98.72,31830970,98.67,100.42,97.02
11/14/2022,96.03,24170080,95.5,97.18,95.11
11/11/2022,96.73,30569110,94.71,97.36,94.16
11/10/2022,94.17,42371220,92.34,94.55,91.65
11/09/2022,87.4,26743880,88.55,89.49,87.36
11/08/2022,88.91,30172000,89.16,90.41,87.65
11/07/2022,88.65,26899880,87.34,88.94,86.96
11/04/2022,86.7,40173280,85.51,86.73,83.88
11/03/2022,83.49,48510360,86.35,86.55,83.45
11/02/2022,87.07,43553550,90.91,91.3,87.01
11/01/2022,90.5,43220600,95.59,96.17,90.43
10/31/2022,94.66,29868710,95.78,96.35,94.38
10/28/2022,96.58,35696930,92.53,96.86,92.32
10/27/2022,92.6,54036490,94.31,95.17,91.9
10/26/2022,94.82,71671810,96.76,98.54,94.57
10/25/2022,104.93,29910170,103.3,105.1,103.02
10/24/2022,102.97,24680830,102.09,103.1,100.3
10/21/2022,101.48,28988730,98.46,101.62,98.23
10/20/2022,100.53,25125080,100.82,103,99.97
10/19/2022,100.29,21573690,100.7,101.66,99.64
10/18/2022,101.39,21610540,103.94,104.22,100.65
10/17/2022,100.78,23311600,99.52,101.77,99.51
10/14/2022,97.18,22624830,100.63,101.29,97.03
10/13/2022,99.71,32812220,95.93,100.53,95.27
10/12/2022,98.3,17343430,98.27,99.65,97.67
10/11/2022,98.05,21617730,98.25,100.12,97.25
10/10/2022,98.71,16529900,99.85,99.99,97.87
10/07/2022,99.57,24249910,100.65,101.42,99.21
10/06/2022,102.24,17156240,101.5,103.73,101.5
10/05/2022,102.22,18475520,100.69,102.74,99.74
10/04/2022,102.41,22580930,101.04,102.72,101.04
10/03/2022,99.3,24840030,97.22,99.97,97.02
09/30/2022,96.15,26277830,97.73,99.49,96.03
09/29/2022,98.09,21921520,99.3,99.3,96.52
09/28/2022,100.74,24617000,98.02,101.4,97.8
09/27/2022,98.09,24224990,99.91,100.46,97.34
09/26/2022,98.81,22437940,98.61,100.44,98.38
09/23/2022,99.17,25656960,100.06,100.11,98.01
09/22/2022,100.57,21272680,99.45,101.68,99.41
09/21/2022,100.01,26596760,102.24,103.49,99.99
09/20/2022,101.83,24001670,102.88,103.17,101.12
09/19/2022,103.85,19738600,102.54,104.02,102.37
09/16/2022,103.63,64540120,102.97,104.03,101.86
09/15/2022,103.9,26494930,105.01,106.21,103.31
09/14/2022,105.87,22115810,105.44,106.1,104.5
09/13/2022,105.31,33014990,108.89,109.37,105
09/12/2022,111.87,19732910,111.99,112.64,110.93
09/09/2022,111.78,21745030,110.05,112,110
09/08/2022,109.42,21660650,109.18,110.58,108.06
09/07/2022,110.48,22987180,107.76,110.99,107.62
09/06/2022,107.48,20565050,108.14,108.88,106.51
09/02/2022,108.68,20618080,111.34,111.68,108.13
09/01/2022,110.55,22784390,109.2,111.22,108.19
08/31/2022,109.15,25897980,111.63,111.77,109.05
08/30/2022,109.91,20548200,111.03,111.37,108.8
08/29/2022,110.34,20386140,110.78,111.96,109.81
08/26/2022,111.3,31698670,115.81,116.6,111.22
08/25/2022,117.7,14874670,115.15,117.78,115.05
08/24/2022,114.7,16051170,114.45,115.72,113.78
08/23/2022,114.77,14390690,114.32,115.93,114.3
08/22/2022,115.07,19316020,116.1,116.5,114.67
08/19/2022,118.12,20186980,119.87,120,117.67
08/18/2022,120.86,15652030,120.23,121.69,119.55
08/17/2022,120.32,17589160,120.93,122.15,120.2
08/16/2022,122.51,15626170,122.32,123.23,121.54
08/15/2022,122.88,15524950,122.21,123.26,121.57
08/12/2022,122.65,16121090,121.16,122.65,120.4
08/11/2022,119.82,16671630,122.08,122.34,119.55
08/10/2022,120.65,20497020,119.59,121.78,119.36
08/09/2022,117.5,15424260,117.99,118.2,116.56
08/08/2022,118.14,17061110,119.12,120.86,117.83
08/05/2022,118.22,15615660,116.93,118.86,116.71
08/04/2022,118.87,15757700,118.3,119.5,117.71
08/03/2022,118.78,25302820,116.34,119.42,116.15
08/02/2022,115.9,17911040,114.43,117.08,114.26
08/01/2022,115.48,22856200,115.53,117.12,114.69
07/29/2022,116.64,31336180,113.4,116.9,113.23
07/28/2022,114.59,23303840,112.8,114.7,111.85
07/27/2022,113.6,41474620,109.6,114.4,108.42
07/26/2022,105.44,36626630,107.43,107.74,104.76
07/25/2022,108.21,28289940,108.88,110.58,107.01
07/22/2022,108.36,44455300,111.81,113.18,107.6
07/21/2022,115.04,27267850,115.09,115.21,111.91
07/20/2022,114.7,26780090,114.06,116.33,113.26
07/19/2022,114.62,30992330,111.73,114.81,110.5
07/18/2022,109.91,33353990,113.44,114.8,109.3
07/15/2022,112.77,34330760,112.96,114,111.82
07/14/2022,111.44,32365540,110.83,111.99,109.33
07/13/2022,112.19,38958860,112.64,115.16,111.82
07/12/2022,114.85,24970160,116.84,117.85,114.62
07/11/2022,116.52,26830460,118.65,118.79,116.23
07/08/2022,120.17,29082200,117.55,120.44,117.51
07/07/2022,119.31,32183940,116.01,119.86,115.53
07/06/2022,115.21,28852680,114.09,116.35,112.25
07/05/2022,113.89,36429380,107.51,114.05,106.25
07/01/2022,109.08,31027880,108.34,109.81,107.11
06/30/2022,109.37,38046040,110.5,111.33,107.31
06/29/2022,112.26,18627860,112.15,113.66,111.55
06/28/2022,112.57,28316220,116.35,117.86,112.44
06/27/2022,116.62,32839300,118.94,119.25,116
06/24/2022,118.54,39122760,113.6,118.64,113.6
06/23/2022,112.68,24709720,112.95,113.2,111.03
06/22/2022,112.03,23921720,111.16,113.77,110.72
06/21/2022,112.02,39010280,109.7,112.67,109.29
06/17/2022,107.87,43516660,106.54,109.25,105.63
06/16/2022,106.64,35313240,108.15,109.29,105.79
06/15/2022,110.39,33192020,108.9,112.06,108.12
06/14/2022,107.19,25480940,106.89,108.46,106.35
06/13/2022,106.88,36756200,107.45,109.22,106.59
06/10/2022,111.43,31349740,112.78,113.5,110.86
06/09/2022,114.92,23141600,116.34,118.35,114.87
06/08/2022,117.24,22544260,116.88,118.65,116.7
06/07/2022,117.23,26413540,115.65,117.75,115.13
06/06/2022,117.01,23786720,116.74,119.4,116.53
06/03/2022,114.56,24952080,115.99,116.36,113.67
06/02/2022,117.75,27495400,114.19,117.9,113.31
06/01/2022,114.14,28629280,114.93,117.4,113.55
05/31/2022,114.04,51301920,113.08,116.43,112.57
05/27/2022,112.8,29924420,109.79,112.87,109.55
05/26/2022,108.3,30287480,106.05,108.96,105.49
05/25/2022,105.84,37899340,105.14,106.54,104.21
05/24/2022,105.93,60386380,106.38,106.4,102.21
05/23/2022,111.67,31558220,110.1,112.01,109.15
05/20/2022,109.31,37586020,112.09,112.55,106.37
05/19/2022,110.75,29191740,111.84,113.59,110.47
05/18/2022,112.4,27982760,115.24,115.7,112.14
05/17/2022,116.7,21576080,117.23,117.23,115.34
05/16/2022,114.79,23282380,115.38,116.61,114.34
05/13/2022,116.52,29737560,114.85,118.09,114
05/12/2022,113.16,41464880,111.94,114.86,110.11
05/11/2022,113.96,36501640,113.71,116.67,113.65
05/10/2022,114.58,31157780,116.04,116.69,113.38
05/09/2022,113.08,34520960,113.3,115.56,112.55
05/06/2022,115.66,35309480,115.52,117.5,114.14
05/05/2022,116.75,43089040,120.22,121.23,115.18
05/04/2022,122.58,33231460,118,123.14,115.74
05/03/2022,118.13,21215740,116.77,119.3,116.63
05/02/2022,117.16,30279640,113.91,117.34,113.4
04/29/2022,114.97,33693100,117.58,118.96,114.69
04/28/2022,119.41,36790940,117.12,120.44,115.14
04/27/2022,115.02,62238120,114.37,117.5,113.12
04/26/2022,119.51,49393040,122.75,122.75,119.16
04/25/2022,123.25,34521800,119.43,123.28,118.77
04/22/2022,119.61,46410300,125,125.45,119.14
04/21/2022,124.94,30157540,129.35,130.31,124.65
04/20/2022,128.25,22609380,131.28,131.92,127.89
04/19/2022,130.53,22719300,128.08,130.9,127.45
04/18/2022,127.96,14917200,127.41,128.71,126.58
04/14/2022,127.25,23483360,130.65,130.71,127.11
04/13/2022,130.29,19542960,128.63,130.66,128.44
04/12/2022,128.37,23003220,132.42,132.42,127.58
04/11/2022,129.8,24187340,132.9,132.94,129.62
04/08/2022,134.01,16434480,136.25,136.25,133.75
04/07/2022,136.47,19448540,136.62,137.7,134.86
04/06/2022,137.18,23574600,139.16,139.85,136.42
04/05/2022,141.06,19255560,143.4,143.59,140.94
04/04/2022,143.64,19084900,140.82,144.04,140.82
04/01/2022,140.7,23480020,140.01,140.95,138.8
03/31/2022,139.65,29516320,142.45,142.64,139.62
03/30/2022,142.64,21046380,142.87,143.48,142.17
03/29/2022,143.25,28678420,143.16,144.16,142.48
03/28/2022,141.95,23773080,140.68,141.98,139.83
03/25/2022,141.52,19289080,141.75,141.96,139.7
03/24/2022,141.31,20544720,139.27,141.4,138.04
03/23/2022,138.5,25302320,139.14,140.03,138.17
03/22/2022,140.28,29776860,136.5,141.5,136.5
03/21/2022,136.48,26632460,136.85,137.58,134.61
03/18/2022,136.8,45899700,133.88,136.91,132.93
03/17/2022,134.6,23994380,133.32,134.74,132.72
03/16/2022,133.69,32058200,131,133.77,129.2
03/15/2022,129.66,30292600,127.74,130.52,126.57
03/14/2022,126.74,30253860,130.57,131.03,126.41
03/11/2022,130.48,26599800,134,134.2,130.3
03/10/2022,132.68,24265200,131.46,133.54,131.4
03/09/2022,133.87,32257440,131.4,134.2,130.09
03/08/2022,127.28,35249560,126.25,131.25,125.86
03/07/2022,126.46,39177900,131.9,131.9,126.41
03/04/2022,132.12,24472240,133.38,134.2,130.41
03/03/2022,134.31,19779300,135.98,136.71,133.43
03/02/2022,134.75,23966740,134.61,135.62,133.43
03/01/2022,134.17,24639920,134.48,136.11,133.38
02/28/2022,134.89,29675680,133.28,135.64,132.83
02/25/2022,134.52,26235860,133.53,135.39,131.77
02/24/2022,132.67,43165080,125,133.04,124.76
02/23/2022,127.59,26431280,131.08,131.75,127.5
02/22/2022,129.4,38906580,129.99,131.9,127.74
02/18/2022,130.47,31858600,133.04,133.82,130.31
02/17/2022,132.31,30968120,136.15,136.84,132.2
02/16/2022,137.49,25609660,136.43,137.95,134.82
02/15/2022,136.43,26577560,137.47,137.9,135.54
02/14/2022,135.3,26792800,133.37,136.17,133.3
02/11/2022,134.13,38808800,138.75,139.28,133.29
02/10/2022,138.6,33017700,139.5,141.43,138.05
02/09/2022,141.45,28627160,140.85,142.18,140.38
02/08/2022,139.21,34255040,138.99,139.84,136.87
02/07/2022,138.94,44610740,143.71,143.85,138.7
02/04/2022,143.02,49224400,143.02,144.54,139.82
02/03/2022,142.65,56930140,145.3,149.12,142.21
02/02/2022,148.04,89750760,151.86,152.1,145.56
02/01/2022,137.88,51203200,137.84,138.2,134.57
01/31/2022,135.7,34055560,134.2,135.84,132.27
01/28/2022,133.29,30517560,130,133.37,128.69
01/27/2022,129.12,30285020,131.36,132.61,128.95
01/26/2022,129.24,39630880,130.59,132.81,127.15
01/25/2022,126.74,36008600,128.44,129.34,126.38
01/24/2022,130.37,55292040,126.03,130.78,124.64
01/21/2022,130.09,41919220,133.01,134.76,130
01/20/2022,133.51,21930560,136.51,137.91,133.14
01/19/2022,135.65,20795280,136.94,138.4,135.5
01/18/2022,136.29,27401960,136.6,137.39,135.62
01/14/2022,139.79,23825920,137.5,141.2,137.5
01/13/2022,139.13,26565080,141.84,143.19,138.91
01/12/2022,141.65,23641580,141.55,142.81,141.11
01/11/2022,140.02,23501240,138.18,140.33,136.81
01/10/2022,138.57,34095680,135.1,138.64,133.14
01/07/2022,137,19408240,137.91,138.25,135.79
01/06/2022,137.55,29049040,137.5,139.69,136.76
01/05/2022,137.65,49641520,144.18,144.3,137.52
01/04/2022,144.42,22927780,145.55,146.61,143.82
01/03/2022,145.07,25224500,144.48,145.55,143.5
12/31/2021,144.68,17297700,145.54,146.37,144.68
12/30/2021,146,12977020,146.45,147.06,145.76
12/29/2021,146.5,17024720,146.43,147.18,145.5
12/28/2021,146.45,18635840,148.37,148.37,145.94
12/27/2021,148.06,13259320,147.46,148.43,147.25
12/23/2021,147.14,13818680,147.09,148.57,146.95
12/22/2021,146.95,18440480,144.1,147.3,143.96
12/21/2021,144.22,19551940,143.15,144.69,141.74
12/20/2021,142.4,20263520,140.68,142.61,140.25
12/17/2021,142.8,43404700,142.71,144.46,141.79
12/16/2021,144.84,27399740,148.08,148.55,144.09
12/15/2021,147.37,27280960,144.37,147.52,142.71
12/14/2021,144.97,24778800,144.77,145.44,142.24
12/13/2021,146.7,24103920,148.44,148.56,146.36
12/10/2021,148.68,21638460,149.1,149.4,147.36
12/09/2021,148.11,18580600,148.18,149.61,147.53
12/08/2021,148.72,18963940,148.33,149.16,147.2
12/07/2021,148.04,23258280,145.95,148.3,145.7
12/06/2021,143.8,22197700,143.57,144.35,140.65
12/03/2021,142.52,26687480,144.5,145.21,141.15
12/02/2021,143.78,21250700,141.82,144.68,140.98
12/01/2021,141.62,28545780,144.21,146.5,141.5
11/30/2021,142.45,41590520,145.45,146.63,142.07
11/29/2021,146.11,26276120,144.3,146.86,144.3
11/26/2021,142.81,16992120,145.02,145.3,142.49
11/24/2021,146.72,16464060,146.35,147,145.2
11/23/2021,146.76,18133140,147.11,147.69,144.89
11/22/2021,147.08,24627700,150.14,150.74,147.01
11/19/2021,149.95,19782960,151,151.85,149.89
11/18/2021,150.71,26682400,149.15,151.61,149
11/17/2021,149.06,15290820,149.23,149.63,148.56
11/16/2021,149.08,17254860,149.17,149.83,148.35
11/15/2021,149.39,16247340,150,150.48,148.65
11/12/2021,149.65,17047660,147.83,149.86,146.45
11/11/2021,146.75,12463100,147.11,148.5,146.69
11/10/2021,146.63,22708320,148.01,148.7,145.33
11/09/2021,149.25,16875560,149.75,150.38,147.51
11/08/2021,149.35,18388140,150,151.03,149.12
11/05/2021,149.24,20408140,149.35,150.57,148.65
11/04/2021,148.68,24700800,147.2,149.95,146.64
11/03/2021,146.79,17886600,146.28,146.91,145.05
11/02/2021,145.86,21150580,144.81,146.92,144.64
11/01/2021,143.77,32272100,148.17,148.4,143.58
10/29/2021,148.27,28954500,145.52,148.61,145.17
10/28/2021,146.13,32418060,147.3,147.42,144.76
10/27/2021,146.43,51850920,139.9,149.12,139.9
10/26/2021,139.67,28258740,140.61,140.84,139.01
10/25/2021,138.77,21081700,138.81,139.21,136.75
10/22/2021,138.63,30182640,140.35,141.56,137.17
10/21/2021,142.78,14849920,142.19,142.85,141.64
10/20/2021,142.42,17939500,144.22,144.25,141.91
10/19/2021,143.82,15315840,143.29,144.11,143.1
10/18/2021,142.96,16567200,141.21,143,141.21
10/15/2021,141.68,21253360,142.2,142.2,141.06
10/14/2021,141.41,21437560,139.95,141.65,139.34
10/13/2021,137.9,16393280,137.75,138.55,136.98
10/12/2021,136.71,22535020,139.64,139.7,136.25
10/11/2021,138.85,16584760,139.8,140.76,138.81
10/08/2021,140.06,18928420,139.91,140.32,139.43
10/07/2021,139.19,18250460,138.86,140.15,138.56
10/06/2021,137.35,19764320,134.63,137.85,134.49
10/05/2021,136.18,24126740,134,137.36,134
10/04/2021,133.77,31529900,135.7,135.7,131.17
10/01/2021,136.46,28387300,133.55,137.07,133.38
09/30/2021,133.27,35363980,134.33,135.59,133
09/29/2021,134.52,26337220,137.11,137.4,134.25
09/28/2021,136.18,42189660,139.09,139.61,135.7
09/27/2021,141.5,18844080,141.59,142.5,140.5
09/24/2021,142.63,14949340,140.95,142.9,140.85
09/23/2021,141.83,17276100,141.61,142.25,141.1
09/22/2021,140.94,22067800,140.05,141.58,139.47
09/21/2021,139.65,18129380,140.12,140.81,138.91
09/20/2021,139.02,34917720,139,139.36,137.05
09/17/2021,141.46,60039820,143.8,144.25,141.06
09/16/2021,144.37,20298840,145.12,145.2,143.42
09/15/2021,145.21,20653420,143.76,145.58,142.26
09/14/2021,143.41,18919140,144.16,144.73,142.91
09/13/2021,143.47,20175620,143.2,144.19,142.28
09/10/2021,141.92,32896620,145.44,146.02,141.74
09/09/2021,144.91,14798560,144.88,145.67,144.43
09/08/2021,144.88,15491660,145.39,145.55,144.2
09/07/2021,145.52,15172600,144.75,145.82,144.54
09/03/2021,144.78,19110480,144.15,145.38,143.51
09/02/2021,144.22,21855800,145.95,146.33,144.11
09/01/2021,145.84,15824680,145.65,146.82,145.61
08/31/2021,145.46,26756420,145.88,146.11,145
08/30/2021,145.47,16915900,144.7,146.49,144.6
08/27/2021,144.55,24568240,142.11,145.01,142.02
08/26/2021,142.12,14922000,142.62,143.13,142.09
08/25/2021,142.95,12843060,142.88,143.31,142.44
08/24/2021,142.4,15126260,141.54,143.01,141.35
08/23/2021,141.1,21089680,139,142.18,138.75
08/20/2021,138.44,15566740,137.08,138.61,136.47
08/19/2021,136.91,18295920,135.47,137.45,135.36
08/18/2021,136.57,14934460,137.12,138.29,136.42
08/17/2021,137.3,21274020,138.19,138.72,136.79
08/16/2021,138.92,18050840,138,138.99,136.17
08/13/2021,138.41,12580580,138.36,138.67,138.01
08/12/2021,138.39,14649400,137.71,138.42,136.78
08/11/2021,137.69,15209660,138.28,138.85,137.35
08/10/2021,138.1,16039080,138.08,138.55,137.23
08/09/2021,138,12379560,136.95,138.32,136.43
08/06/2021,137.04,13565020,136.3,137.08,136.05
08/05/2021,136.94,11871780,136.03,136.95,135.6
08/04/2021,136.03,16527140,136.25,136.54,135.42
08/03/2021,136.28,19064000,136,136.34,134.18
08/02/2021,135.99,20140040,135.48,136.02,134.67
07/30/2021,135.22,23954500,135.51,135.77,134.81
07/29/2021,136.54,19283340,136.38,137.15,136.14
07/28/2021,136.38,54688340,138.56,139.68,136.35
07/27/2021,136.8,42163060,140.01,140.01,135.1
07/26/2021,139.64,23052460,138.25,139.71,137.65
07/23/2021,137.82,26377740,135.26,138.81,134.7
07/22/2021,133.33,13608140,132.65,133.5,132.4
07/21/2021,132.6,14741640,130.79,132.62,130.6
07/20/2021,131.1,19083120,130,132,129.19
07/19/2021,129.25,25709320,131.16,131.25,128.54
07/16/2021,131.85,14861180,131.64,132.18,130.82
07/15/2021,131.27,16586320,132.5,132.6,130.6
07/14/2021,132.08,17918540,131.9,133,131.9
07/13/2021,130.99,16617960,130.88,132.04,130.64
07/12/2021,130.56,16950920,129.83,130.77,129.6
07/09/2021,129.57,15109320,128.94,129.85,128.94
07/08/2021,129.18,19779500,128.25,130.03,128.04
07/07/2021,130.08,16683720,130.34,130.64,129.76
07/06/2021,129.77,21350340,129.45,129.88,128.41
07/02/2021,128.72,21165120,126.84,128.85,126.77
07/01/2021,126.37,17124600,124.85,126.46,124.85
06/30/2021,125.32,24009560,125.65,125.8,124.76
06/29/2021,126.02,20949560,126.77,127,125.44
06/28/2021,126.82,28110860,127,127.34,125.97
06/25/2021,127,33485940,126.96,127.51,126.44
06/24/2021,127.28,18933240,127.05,127.54,126.96
06/23/2021,126.46,19693160,126.55,127.8,126.25
06/22/2021,127,20986200,126.45,127.27,126.03
06/21/2021,126.46,26256520,125.74,127.04,125.13
06/18/2021,125.57,53306200,125.71,126.39,124.6
06/17/2021,126.37,25755820,125.52,127.2,125.52
06/16/2021,125.7,26316760,126.25,126.52,124.15
06/15/2021,126.03,22182600,126.52,126.86,125.65
06/14/2021,126.35,22550440,125.67,126.41,125.05
06/11/2021,125.7,25246180,126.25,126.35,124.91
06/10/2021,126.08,31234660,124.7,126.16,124.7
06/09/2021,124.57,20126740,124.98,125.25,124.37
06/08/2021,124.14,25065060,124,124.72,123.41
06/07/2021,123.3,23849060,122.57,123.4,122.05
06/04/2021,122.59,25948680,121.13,122.69,120.89
06/03/2021,120.23,18345820,119.75,120.49,119.14
06/02/2021,121.06,17162100,121.77,122.1,120.21
06/01/2021,121.49,19165780,121.1,121.9,120.24
05/28/2021,120.58,24107640,121.1,121.41,120.38
05/27/2021,120.13,38962260,121.85,122,120.1
05/26/2021,121.68,21856380,120.64,122.15,120.63
05/25/2021,120.45,18838560,121,121.64,120.15
05/24/2021,120.33,21243780,118.35,120.92,118.01
05/21/2021,117.26,22832640,118.3,118.45,117.12
05/20/2021,117.8,23831860,116.4,118.02,116.05
05/19/2021,115.44,19350880,113.22,115.84,113.18
05/18/2021,115.17,17302380,116.85,117.16,115.16
05/17/2021,116.07,19835840,115.47,116.17,114.75
05/14/2021,115.81,26624960,114.59,116.06,114.17
05/13/2021,113.1,26670160,113.05,113.83,112.14
05/12/2021,111.95,34933280,113.09,114.27,111.5
05/11/2021,115.44,32110960,114.59,116.1,114.15
05/10/2021,117.08,26005420,118.74,118.9,116.74
05/07/2021,119.93,23277840,120,120.82,119.5
05/06/2021,119.07,20617180,117.53,119.14,117.12
05/05/2021,117.84,21805500,118.42,119.11,117.57
05/04/2021,117.71,35120300,118.49,118.96,115.59
05/03/2021,119.76,33787780,120.14,120.99,119.23
04/30/2021,120.51,39142600,120.22,121.36,120.11
04/29/2021,121.49,39553540,120.52,121.83,120.11
04/28/2021,119,59728780,120.36,122.62,118.74
04/27/2021,115.36,31971660,116.8,116.87,115.21
04/26/2021,116.34,20833000,116,117.06,115.69
04/23/2021,115.77,28703240,114.17,116.29,113.91
04/22/2021,113.4,21096160,114.66,115.19,112.82
04/21/2021,114.66,23934620,114.26,114.77,112.93
04/20/2021,114.68,21774980,115.39,115.48,113.59
04/19/2021,115.12,24688900,114.6,115.92,114.39
04/16/2021,114.89,22601800,115.15,115.32,114.22
04/15/2021,114.83,27472240,113.85,115.33,113.3
04/14/2021,112.74,20219340,113.76,113.9,112.46
04/13/2021,113.36,23316080,113.07,113.86,112.8
04/12/2021,112.74,31317020,113.31,113.77,111.92
04/09/2021,114.29,20887300,112.84,114.45,112.69
04/08/2021,113.27,27165180,113.9,114.2,112.88
04/07/2021,112.48,25797220,111.31,112.75,111.27
04/06/2021,111.24,27060720,111.13,111.88,110.74
04/05/2021,111.28,43297500,107.65,111.87,107.58
04/01/2021,106.89,33979560,104.9,107.15,104.84
03/31/2021,103.43,29198600,102.96,104.67,102.84
03/30/2021,102.78,20735480,102.88,103.54,102.2
03/29/2021,102.8,24595540,101.39,102.92,100.78
03/26/2021,101.78,29876000,101.94,102.55,100.7
03/25/2021,102.22,28378140,102.24,102.94,100.54
03/24/2021,102.25,23080580,103.27,103.91,102.08
03/23/2021,102.65,27339940,102.59,103.62,101.96
03/22/2021,101.93,39096320,102.09,102.9,101.3
03/19/2021,102.16,46297860,102.1,102.66,100.88
03/18/2021,101.81,27248600,103.05,103.78,101.68
03/17/2021,104.55,25980320,103.8,105.49,102.7
03/16/2021,104.63,29831280,103.95,106.18,103.5
03/15/2021,103.32,25966500,103.12,103.35,102.18
03/12/2021,103.1,34515880,104.25,104.51,102.38
03/11/2021,105.74,24781600,103.7,106.29,103.62
03/10/2021,102.75,25371840,103.59,103.75,101.67
03/09/2021,102.64,33946120,103.5,103.9,102.39
03/08/2021,101.21,32948580,105.06,106.44,101.08
03/05/2021,105.43,43904360,103.66,105.91,102.32
03/04/2021,102.45,42360120,101.17,104.46,101.01
03/03/2021,101.34,29683620,103.36,104.43,100.5
03/02/2021,103.79,22691900,103.81,105.22,103.56
03/01/2021,104.08,28102300,102.83,104.33,102.31
02/26/2021,101.84,41676020,102.53,103.55,100.8
02/25/2021,101.57,36568640,103.37,104.74,101.06
02/24/2021,104.76,24966980,102.09,105.04,101.91
02/23/2021,103.54,33347540,101.25,104.1,100.1
02/22/2021,103.24,27350660,103.35,104.57,103.11
02/19/2021,105.06,29152240,105.96,106.53,104.87
02/18/2021,105.86,22437100,105.52,106.64,105.19
02/17/2021,106.42,21418820,105,106.68,104.95
02/16/2021,106.1,22676760,105.22,107.63,105.22
02/12/2021,105.21,17117300,104.51,105.44,104.16
02/11/2021,104.79,18913000,104.98,105.1,103.87
02/10/2021,104.77,22709280,104.71,105.42,103.15
02/09/2021,104.18,17797000,103.93,105.26,103.93
02/08/2021,104.65,24848220,105.3,106.18,103.6
02/05/2021,104.9,30702700,103.5,105.13,102.97
02/04/2021,103.12,37046580,103.44,103.93,102.13
02/03/2021,103.5,82363400,103.65,105.83,100.92
02/02/2021,96.38,45474460,96.13,97.79,95.72
02/01/2021,95.07,32043640,92.68,96.12,92.55
01/29/2021,91.79,32251040,92.31,92.86,90.51
01/28/2021,93.16,35462760,92.2,94.94,92.13
01/27/2021,91.54,54965840,94.13,94.5,90.45
01/26/2021,95.86,26262780,94.44,96.25,94.21
01/25/2021,94.97,38546400,96.03,96.48,93.38
01/22/2021,95.05,25444640,94.78,95.55,94.09
01/21/2021,94.56,41278640,94.9,96.74,94.36
01/20/2021,94.35,49805160,91.57,95.19,91.28
01/19/2021,89.54,34692280,87.61,90.46,87.07
01/15/2021,86.81,26843400,86.91,87.8,86.08
01/14/2021,87.01,23589540,87.68,88.75,86.67
01/13/2021,87.72,21882620,86.93,88.25,86.9
01/12/2021,87.33,27153820,87.7,88.9,86.27
01/11/2021,88.34,24194700,89.3,89.72,88.03
01/08/2021,90.36,41020040,89.4,90.49,88.68
01/07/2021,89.36,45300440,87,89.42,86.85
01/06/2021,86.76,52042280,85.13,87.4,84.95
01/05/2021,87.05,22906940,86.25,87.38,85.9
01/04/2021,86.41,38037100,87.88,88.03,85.39
12/31/2020,87.59,20244800,86.77,87.95,86.77
12/30/2020,86.98,26122600,88.1,88.25,86.28
12/29/2020,87.94,25987900,89.39,89.62,87.8
12/28/2020,88.8,27860660,87.58,89.54,87.32
12/24/2020,86.94,6935060,86.75,87.3,86.46
12/23/2020,86.62,20678340,86.41,87.4,86.25
12/22/2020,86.18,18766920,86.72,86.87,85.63
12/21/2020,86.97,36567560,85.68,87.04,84.95
12/18/2020,86.55,80327060,87.71,87.76,86.01
12/17/2020,87.4,32494880,88.43,88.59,86.93
12/16/2020,88.15,30270860,88.64,88.65,87.8
12/15/2020,88.39,29645220,88.22,88.57,87.5
12/14/2020,88,32003460,88.75,89.87,87.86
12/11/2020,89.09,24413020,88.15,89.22,88
12/10/2020,88.77,27256960,88.49,89.07,87.02
12/09/2020,89.21,30151160,90.6,91.71,88.39
12/08/2020,90.93,21926380,90.51,91.1,89.81
12/07/2020,90.97,26418920,90.95,91.62,90.29
12/04/2020,91.4,27563320,91.23,91.66,90.85
12/03/2020,91.34,24545960,91.2,92.36,91.13
12/02/2020,91.4,24440640,89.91,91.78,89.47
12/01/2020,89.91,34780900,88.72,91.24,88.47
11/30/2020,88.04,36476720,89.06,89.4,87.75
11/27/2020,89.66,17698320,88.65,90.2,88.62
11/25/2020,88.57,20922440,88.64,88.93,87.83
11/24/2020,88.44,31594060,86.53,88.58,86.38
11/23/2020,86.74,43239500,87.48,87.7,85.89
11/20/2020,87.11,46273100,88.26,88.7,87.09
11/19/2020,88.2,24998200,86.92,88.48,86.85
11/18/2020,87.34,23469320,88.26,88.67,87.31
11/17/2020,88.51,22942280,88.85,89.25,88.35
11/16/2020,89.07,24935700,88.59,89.95,88.38
11/13/2020,88.85,30011480,87.88,89.05,87.23
11/12/2020,87.49,24975080,87.38,88.41,87.28
11/11/2020,87.64,25279320,87.5,88.21,87.37
11/10/2020,87.02,52722840,86.55,88.15,85.87
11/09/2020,88.15,45365400,89.55,90.9,88
11/06/2020,88.09,33224500,87.7,88.62,87.02
11/05/2020,88.17,41316240,89.05,89.68,87.53
11/04/2020,87.46,71418540,85.51,88.57,85.3
11/03/2020,82.51,33233060,81.59,83.09,80.83
11/02/2020,81.3,50708920,81.41,83.04,80.8
10/30/2020,81.05,86617240,83.61,84.35,80.22
10/29/2020,78.36,40061280,76.12,79.69,76.11
10/28/2020,75.83,36679180,77.99,78.07,75.73
10/27/2020,80.21,24580040,79.78,80.34,79.14
10/26/2020,79.52,37065080,81.25,81.91,78.83
10/23/2020,82.05,27516880,81.3,82.12,81.03
10/22/2020,80.77,28680840,79.65,81.1,79.25
10/21/2020,79.67,51366900,78.67,80.94,78.58
10/20/2020,77.8,44851440,76.35,78.88,76.28
10/19/2020,76.73,32141500,79.02,79.41,76.4
10/16/2020,78.65,28702740,78.29,79.06,78.15
10/15/2020,77.96,30816340,77.36,78.76,77.25
10/14/2020,78.4,38619800,78.93,79.38,77.53
10/13/2020,78.58,32020860,79.19,79.5,78.16
10/12/2020,78.46,49651200,77.15,79.69,76.63
10/09/2020,75.76,28710840,74.74,75.83,74.47
10/08/2020,74.3,23756620,73.25,74.5,73.25
10/07/2020,73.01,34923120,73.21,73.45,71.8
10/06/2020,72.67,24908460,73.78,74.34,72.43
10/05/2020,74.3,22265140,73.31,74.41,73.21
10/02/2020,72.92,25681420,73.1,74.16,72.55
10/01/2020,74.5,35589940,74.21,74.95,73.96
09/30/2020,73.48,34032160,73.34,74.49,72.99
09/29/2020,73.47,19582040,73.52,73.83,72.94
09/28/2020,73.23,40158820,73.71,73.84,72.47
09/25/2020,72.25,26467500,71.63,72.5,70.67
09/24/2020,71.41,29004320,70.55,72.19,70.49
09/23/2020,70.76,33147000,72.94,73.05,70.39
09/22/2020,73.27,31664020,72.5,73.48,71.73
09/21/2020,71.56,57776540,72,72.42,70.33
09/18/2020,73,62077640,74.9,75.15,71.86
09/17/2020,74.78,37595020,74.8,75.41,73.5
09/16/2020,76.05,26245980,77.78,78.1,75.99
09/15/2020,77.07,26621640,76.8,77.98,76.59
09/14/2020,75.96,33931780,76.95,78.2,75.79
09/11/2020,76.04,31941740,76.8,78.76,74.87
09/10/2020,76.6,32371140,78.03,79.2,76.29
09/09/2020,77.85,35494080,77.88,78.45,76.8
09/08/2020,76.62,52217680,76.68,78.19,76.4
09/04/2020,79.55,52171360,81.21,82.26,77.38
09/03/2020,82.09,62155260,85.49,85.49,80.75
09/02/2020,86.41,50223600,83.69,86.66,83.32
09/01/2020,83.04,36533100,81.83,83.29,81.61
08/31/2020,81.71,36468120,82.39,82.4,81.52
08/28/2020,82.22,29995640,81.67,82.36,81.54
08/27/2020,81.72,37232040,82.68,82.75,81.29
08/26/2020,82.62,71621440,80.4,82.96,80.18
08/25/2020,80.41,42641680,79.1,80.58,79.1
08/24/2020,79.41,28204580,79.7,80.71,79.03
08/21/2020,79.02,28929060,78.85,79.89,78.4
08/20/2020,79.09,34137540,77.17,79.29,76.91
08/19/2020,77.38,33212220,77.67,78.68,77.2
08/18/2020,77.93,40541720,76.31,78.12,76.19
08/17/2020,75.9,27572000,75.73,76.28,75.4
08/14/2020,75.39,27104000,75.78,76.1,75.14
08/13/2020,75.92,29104160,75.52,76.86,75.4
08/12/2020,75.33,28753100,74.28,75.62,74.26
08/11/2020,74.02,29087300,74.62,75.5,73.9
08/10/2020,74.81,25790600,74.36,75.2,73.65
08/07/2020,74.72,31556520,75,75.84,74.08
08/06/2020,75.01,39907360,73.59,75.12,73.3
08/05/2020,73.68,39599140,73.47,74.12,73.17
08/04/2020,73.25,38069780,73.83,74.28,72.93
08/03/2020,73.72,46630280,74.33,74.52,73.28
07/31/2020,74.15,68580720,75.25,75.45,72.7
07/30/2020,76.57,33427920,74.85,76.89,74.61
07/29/2020,76.1,22130680,75.32,76.56,75.07
07/28/2020,75.02,34043480,76.26,76.32,74.88
07/27/2020,76.51,24919600,75.78,77.05,75.76
07/24/2020,75.59,30888080,74.95,75.88,74.42
07/23/2020,75.78,32552680,78.35,78.59,75.37
07/22/2020,78.42,18639700,78.03,78.5,77.31
07/21/2020,77.92,24372900,79.35,79.35,77.71
07/20/2020,78.29,31145040,75.76,78.51,75.18
07/17/2020,75.78,29140200,76.08,76.17,74.92
07/16/2020,75.9,30386900,75,75.93,74.32
07/15/2020,75.68,32213680,76.16,76.77,74.9
07/14/2020,76.03,31700320,74.52,76.15,74.18
07/13/2020,75.57,36928480,77.5,78.86,75.26
07/10/2020,77.09,37134080,75.31,77.19,74.83
07/09/2020,75.55,28466440,75.32,76.14,74.4
07/08/2020,74.8,24993160,74.72,75.29,74.28
07/07/2020,74.26,29163440,74.5,75.84,74.18
07/06/2020,74.79,31279940,74,75.33,73.64
07/02/2020,73.24,37189600,72.35,74.15,72.32
07/01/2020,71.9,35503340,70.56,72.15,70.49
06/30/2020,70.68,40847620,69.52,70.93,69.2
06/29/2020,69.75,36203600,67.91,69.78,67.35
06/26/2020,68,85353960,71.57,71.67,67.6
06/25/2020,72.07,24609480,71.5,72.15,71
06/24/2020,71.6,35120440,73.08,73.77,71.49
06/23/2020,73.22,28595280,72.78,73.8,72.26
06/22/2020,72.59,30848800,71.45,72.64,71.16
06/19/2020,71.59,63157500,72.2,72.39,71.07
06/18/2020,71.8,31638320,72.46,72.57,71.35
06/17/2020,72.56,30992300,72.36,73,71.57
06/16/2020,72.14,34232280,72.26,72.75,71.3
06/15/2020,70.99,30121920,69.54,71.24,69.4
06/12/2020,70.66,38927340,71.42,71.85,69.3
06/11/2020,70.19,39826640,72.12,72.72,70.1
06/10/2020,73.29,30503060,72.98,73.71,72.81
06/09/2020,72.81,28184980,72.27,73.4,72.16
06/08/2020,72.33,28083560,71.12,72.4,71.12
06/05/2020,71.92,34704880,70.66,72.25,70.3
06/04/2020,70.61,29685440,71.52,71.95,70.24
06/03/2020,71.82,25123720,71.92,72.33,71.49
06/02/2020,71.96,25562560,71.53,71.98,70.94
06/01/2020,71.59,24342800,70.92,71.9,70.9
05/29/2020,71.45,36761180,70.85,71.63,70.67
05/28/2020,70.84,33879520,69.84,72.04,69.8
05/27/2020,70.89,33722840,70.86,71.09,69.56
05/26/2020,70.85,41212860,71.86,72.05,70.61
05/22/2020,70.52,26188160,69.84,70.64,69.59
05/21/2020,70.14,27703880,70.4,70.77,69.67
05/20/2020,70.34,33107500,69.48,70.52,69.36
05/19/2020,68.67,25612980,69.35,69.6,68.67
05/18/2020,69.2,36479280,68.09,69.62,67.71
05/15/2020,68.66,34154940,67.5,68.72,66.95
05/14/2020,67.81,32061540,66.75,67.87,66.2
05/13/2020,67.47,36251700,68.85,69.27,66.42
05/12/2020,68.79,27812000,70.36,70.75,68.74
05/11/2020,70.16,28242320,68.91,70.83,68.86
05/08/2020,69.42,27761360,69.16,69.94,68.77
05/07/2020,68.63,27995180,68.3,68.88,67.76
05/06/2020,67.37,24308460,68.08,68.56,67.36
05/05/2020,67.56,33030660,66.9,68.7,66.87
05/04/2020,66.34,30080340,65.41,66.38,64.95
05/01/2020,66.03,41452780,66.43,67.6,65.55
04/30/2020,67.43,53378120,66.24,67.64,66.12
04/29/2020,67.07,75872480,67.07,68,66.27
04/28/2020,61.68,59026180,64.4,64.4,61.61
04/27/2020,63.79,32011260,64.8,64.81,63.45
04/24/2020,63.97,32807880,63.06,64.02,62.47
04/23/2020,63.82,31324060,63.58,64.67,63.28
04/22/2020,63.16,41862800,62.28,64.28,62.1
04/21/2020,60.82,43060060,62.35,62.71,60.49
04/20/2020,63.33,33909760,63.55,64.08,63.07
04/17/2020,64.16,38980840,64.24,64.72,63.56
04/16/2020,63.17,50361980,63.71,63.95,62.13
04/15/2020,63.12,33434060,62.28,64.02,62.02
04/14/2020,63.46,49407060,62.25,64.1,61.85
04/13/2020,60.88,34796560,60.46,61.03,59.38
04/09/2020,60.57,43508420,61.2,61.28,59.84
04/08/2020,60.51,39502700,60.33,60.95,59.41
04/07/2020,59.33,47746580,61.05,61.25,59.11
04/06/2020,59.35,53294460,56.9,59.73,56.55
04/03/2020,54.89,46268000,55.95,56.18,53.99
04/02/2020,56.04,39297620,54.91,56.34,54.82
04/01/2020,55.28,46883460,56.1,56.48,54.87
03/31/2020,58.14,49759660,57.37,58.77,56.91
03/30/2020,57.34,51481220,56.25,57.58,54.82
03/27/2020,55.54,64169900,56.28,57.53,55.3
03/26/2020,58.09,71475100,55.59,58.5,54.68
03/25/2020,55.12,81630560,56.32,57.45,54.3
03/24/2020,56.72,66889000,55.19,56.75,54.53
03/23/2020,52.83,80882740,53.07,53.57,50.68
03/20/2020,53.62,72035000,56.79,57.2,53.27
03/19/2020,55.76,73022120,54.65,57.9,53.01
03/18/2020,54.84,84668700,52.83,55.33,51.86
03/17/2020,55.99,77229780,54.66,56.54,52.8
03/16/2020,54.22,85047300,54.8,57.61,53.72
03/13/2020,60.99,74002500,58.95,60.99,55.86
03/12/2020,55.75,84534960,56.3,59.69,55.67
03/11/2020,60.77,52224580,62.49,63.05,59.8
03/10/2020,64.02,52227460,63,64.06,60.94
03/09/2020,60.78,67307300,60.27,62.74,60
03/06/2020,64.92,53212560,63.85,65.31,63.05
03/05/2020,65.95,51225760,67.51,67.95,65.26
03/04/2020,69.33,38266300,67.96,69.4,67.16
03/03/2020,67.07,48046520,69.97,70.51,66.6
03/02/2020,69.46,48629360,67.58,69.54,66.34
02/28/2020,66.97,75812360,63.88,67.06,63.55
02/27/2020,65.9,59566000,68.1,68.59,65.86
02/26/2020,69.66,44080740,69.81,70.79,68.95
02/25/2020,69.42,49565560,71.65,71.91,69.12
02/24/2020,71.08,57341060,71.31,71.85,70.57
02/21/2020,74.26,34645460,75.4,75.61,74.02
02/20/2020,75.91,21931040,76.1,76.48,75.34
02/19/2020,76.33,18985360,76.25,76.61,76.07
02/18/2020,75.98,22422800,75.75,76.58,75.63
02/14/2020,76.04,23956720,75.78,76.04,75.37
02/13/2020,75.73,18594600,75.63,76.36,75.23
02/12/2020,75.91,23351300,75.72,76.03,75.41
02/11/2020,75.44,26892660,75.59,76.48,75.28
02/10/2020,75.43,28397520,73.72,75.48,73.72
02/07/2020,73.96,23445400,73.37,74.29,73.32
02/06/2020,73.81,33587680,72.52,74.1,72.48
02/05/2020,72.41,39723140,73.12,73.19,71.53
02/04/2020,72.35,78659080,72.85,73.48,71.32
02/03/2020,74.3,61104320,73.1,74.5,72.95
01/31/2020,71.71,48344280,73.45,73.51,71.43
01/30/2020,72.79,26788420,72,72.86,71.82
01/29/2020,72.93,21573340,72.94,73.27,72.34
01/28/2020,72.63,31548440,72.15,72.8,71.62
01/27/2020,71.7,35104020,71.55,71.9,71.06
01/24/2020,73.34,35692880,74.68,74.77,73.26
01/23/2020,74.33,27027080,74.38,74.78,74.11
01/22/2020,74.3,32216920,74.55,75.16,74.25
01/21/2020,74.22,40735600,73.96,74.59,73.56
01/17/2020,74.02,47924300,73.15,74.06,72.91
01/16/2020,72.59,23473760,72.37,72.6,72.05
01/15/2020,71.96,25653700,71.51,72.07,71.51
01/14/2020,71.54,31209060,71.95,72.09,71.42
01/13/2020,71.96,33069640,71.81,72.03,71.3
01/10/2020,71.49,36431320,71.38,71.75,70.92
01/09/2020,70.99,30053280,71.03,71.37,70.51
01/08/2020,70.22,30583540,69.6,70.58,69.54
01/07/2020,69.67,30233860,69.9,70.15,69.52
01/06/2020,69.71,34662980,67.5,69.83,67.5
01/03/2020,68.03,23740120,67.39,68.63,67.28
01/02/2020,68.37,28134620,67.08,68.41,67.08
12/31/2019,66.85,19249360,66.51,66.9,66.45
12/30/2019,66.81,21026460,67.5,67.65,66.7
12/27/2019,67.59,20774360,68.15,68.23,67.47
12/26/2019,68.02,13355080,67.31,68.07,67.22
12/24/2019,67.18,6950360,67.43,67.51,67.14
12/23/2019,67.44,17664000,67.79,67.99,67.33
12/20/2019,67.48,66338100,68.17,68.18,67.45
12/19/2019,67.8,29402240,67.59,67.91,67.45
12/18/2019,67.63,33141380,67.83,68.02,67.55
12/17/2019,67.76,37105180,68.14,68.25,67.57
12/16/2019,68.06,27949020,67.83,68.23,67.63
12/13/2019,67.39,31000560,67.4,67.65,67.19
12/12/2019,67.51,25634440,67.3,67.79,67.03
12/11/2019,67.25,17015920,67.54,67.56,67.13
12/10/2019,67.23,21893060,67.08,67.5,66.8
12/09/2019,67.18,27115900,66.9,67.97,66.89
12/06/2019,67.03,26310200,66.67,67.2,66.67
12/05/2019,66.41,24256360,66.4,66.47,65.82
12/04/2019,66.03,30762200,65.35,66.29,65.24
12/03/2019,64.76,25372940,63.98,64.92,63.95
12/02/2019,64.5,30237020,65.05,65.29,64.05
11/29/2019,65.25,11739620,65.36,65.51,65.2
11/27/2019,65.65,19926580,65.75,65.92,65.48
11/26/2019,65.68,21395900,65.49,65.74,65.25
11/25/2019,65.33,20729740,64.96,65.57,64.91
11/22/2019,64.77,27730120,65.28,65.44,64.57
11/21/2019,65.07,19909980,65.07,65.63,64.65
11/20/2019,65.15,26196700,65.59,65.75,64.56
11/19/2019,65.77,25387440,66.39,66.39,65.64
11/18/2019,66.04,29761660,66.61,66.78,65.88
11/15/2019,66.74,35659100,65.95,66.74,65.71
11/14/2019,65.57,23886100,64.88,65.85,64.78
11/13/2019,64.9,17077220,64.7,65.22,64.68
11/12/2019,64.94,21717180,65,65.5,64.79
11/11/2019,64.96,20248580,65.16,65.32,64.87
11/08/2019,65.57,25038320,65.26,65.9,65.22
11/07/2019,65.44,40599400,64.71,66.19,64.71
11/06/2019,64.59,23059540,64.47,64.69,64.13
11/05/2019,64.6,25654220,64.64,64.95,64.56
11/04/2019,64.57,30019280,63.82,64.71,63.82
11/01/2019,63.69,33401440,63.25,63.73,63.03
10/31/2019,63.01,29113020,63.06,63.38,62.54
10/30/2019,63.06,28177020,62.65,63.47,62.6
10/29/2019,63.13,37727600,63.81,64.08,62.86
10/28/2019,64.5,52264740,63.77,64.97,63.63
10/25/2019,63.26,24261020,62.55,63.48,62.5
10/24/2019,63.05,20797360,63.05,63.2,62.69
10/23/2019,62.96,18571900,62.12,62.99,62.12
10/22/2019,62.14,20957020,62.39,62.53,62.07
10/21/2019,62.31,20760840,62.61,62.73,62.03
10/18/2019,62.27,27056780,62.67,62.94,62.05
10/17/2019,62.65,19610200,62.55,63.17,62.5
10/16/2019,62.18,23363480,62.06,62.74,61.92
10/15/2019,62.15,27905180,61.02,62.37,61.02
10/14/2019,60.86,17640780,60.62,61.32,60.59
10/11/2019,60.77,25542880,61.11,61.42,60.69
10/10/2019,60.43,18650620,59.93,60.75,59.87
10/09/2019,60.12,17532640,59.97,60.42,59.88
10/08/2019,59.46,22835680,59.88,60.3,59.45
10/07/2019,60.38,17342980,60.22,60.91,60.19
10/04/2019,60.45,23665280,59.59,60.57,59.46
10/03/2019,59.39,33273120,59,59.45,58.12
10/02/2019,58.83,32784740,59.85,59.85,58.56
10/01/2019,60.26,27165580,60.95,61.56,60.18
09/30/2019,60.95,28393520,61.05,61.3,60.62
09/27/2019,61.25,27088640,62.15,62.2,60.72
09/26/2019,62.07,31237640,62.1,62.25,61.61
09/25/2019,62.33,31877500,60.79,62.42,60.5
09/24/2019,60.94,31835720,62,62.34,60.53
09/23/2019,61.7,21505060,61.3,61.95,61.21
09/20/2019,61.5,46745380,61.66,62.17,61.15
09/19/2019,61.94,20003100,61.6,62.22,61.6
09/18/2019,61.62,22886660,61.38,61.78,60.83
09/17/2019,61.46,19162240,61.52,61.75,61.18
09/16/2019,61.57,21065980,61.48,61.98,61.28
09/13/2019,61.98,26027000,61.57,62.04,61.35
09/12/2019,61.71,34518160,61.22,62.09,61.15
09/11/2019,61.01,26140660,60.17,61.13,60.11
09/10/2019,60.3,25202300,59.76,60.5,59.73
09/09/2019,60.22,29437600,60.2,61,59.63
09/06/2019,60.25,21442860,60.41,60.6,60.13
09/05/2019,60.57,28172020,59.58,60.65,59.58
09/04/2019,59.07,21379360,58.84,59.17,58.55
09/03/2019,58.42,29608400,58.85,59.34,58.16
08/30/2019,59.41,22599180,59.93,59.93,59.19
08/29/2019,59.64,21777160,59.06,59.8,59.06
08/28/2019,58.55,16044860,58.09,58.82,57.87
08/27/2019,58.39,21549040,59.03,59.12,58.07
08/26/2019,58.44,24528820,57.86,58.47,57.65
08/23/2019,57.56,33765420,59.1,59.7,57.39
08/22/2019,59.48,18958120,59.7,59.9,58.93
08/21/2019,59.56,14821060,59.66,59.95,59.37
08/20/2019,59.13,18312100,59.76,59.8,59.11
08/19/2019,59.92,24650340,59.5,60.35,59.5
08/16/2019,58.88,26988720,58.98,59.14,58.59
08/15/2019,58.36,24494780,58.18,58.79,58.11
08/14/2019,58.21,31573360,58.82,59.12,58.03
08/13/2019,59.86,26360180,58.57,60.24,58.57
08/12/2019,58.74,20063740,58.96,59.25,58.38
08/09/2019,59.4,21313160,59.9,60.19,59.18
08/08/2019,60.24,29359940,59.14,60.25,58.65
08/07/2019,58.7,28886480,57.8,58.92,57.48
08/06/2019,58.5,34187480,58.17,59,58
08/05/2019,57.62,51949100,58.5,58.76,57.01
08/02/2019,59.7,32901340,60.04,60.35,59.45
08/01/2019,60.45,33970200,60.7,61.71,60.29
07/31/2019,60.83,34509080,61.15,61.7,60.39
07/30/2019,61.26,29065260,61.27,61.74,61.17
07/29/2019,61.97,44474620,62.05,62.37,61.41
07/26/2019,62.52,96115040,61.2,63.28,61.2
07/25/2019,56.61,44196460,56.89,57.09,56.05
07/24/2019,56.89,31802020,56.6,57.2,56.35
07/23/2019,57.31,21873760,57.2,57.35,56.59
07/22/2019,56.9,26036920,56.67,56.96,56.21
07/19/2019,56.51,32944900,57.41,57.56,56.48
07/18/2019,57.32,25825620,57.09,57.38,56.64
07/17/2019,57.32,23400940,57.55,57.92,57.29
07/16/2019,57.68,24776140,57.3,57.93,57.25
07/15/2019,57.52,18075600,57.34,57.54,56.97
07/12/2019,57.25,17279460,57.2,57.37,56.94
07/11/2019,57.21,23911380,57.16,57.65,56.98
07/10/2019,57.02,24189320,56.56,57.1,56.55
07/09/2019,56.24,26607400,55.59,56.4,55.36
07/08/2019,55.82,24728380,56.26,56.3,55.56
07/05/2019,56.58,25290800,55.89,56.64,55.81
07/03/2019,56.08,15340220,55.87,56.34,55.69
07/02/2019,55.56,19835100,55.11,55.59,54.91
07/01/2019,54.9,28770080,54.9,55.38,54.69
06/28/2019,54.05,33869000,53.82,54.05,53.67
06/27/2019,53.8,20089540,54.2,54.36,53.76
06/26/2019,53.99,36217380,54.33,54.65,53.61
06/25/2019,54.32,30938260,55.63,55.72,54.19
06/24/2019,55.78,27913920,55.98,56.1,55.55
06/21/2019,56.09,38951820,55.46,56.21,55.4
06/20/2019,55.57,25240220,56,56.01,55.24
06/19/2019,55.12,26784360,55.28,55.35,54.67
06/18/2019,55.18,27733680,55.48,55.82,54.95
06/17/2019,54.63,18832040,54.31,54.96,54.31
06/14/2019,54.27,22232860,54.32,54.63,54.01
06/13/2019,54.44,21160000,54.18,54.71,54.01
06/12/2019,53.85,21225100,53.9,54.05,53.38
06/11/2019,53.94,28741260,54.7,55.1,53.88
06/10/2019,54.02,29284960,53.65,54.63,53.62
06/07/2019,53.3,36047400,52.53,53.55,52.42
06/06/2019,52.22,34064880,52.25,52.37,51.69
06/05/2019,52.11,43368780,52.58,52.68,51.52
06/04/2019,52.65,56669660,52.15,52.8,51.68
06/03/2019,51.81,102611520,53.28,53.28,51.25
05/31/2019,55.18,30164060,55.06,55.48,55.01
05/30/2019,55.9,19037460,55.78,56.16,55.61
05/29/2019,55.82,30764240,56.38,56.46,55.41
05/28/2019,56.71,27303320,56.7,57.58,56.66
05/24/2019,56.67,22246820,57.37,57.49,56.58
05/23/2019,57.04,23986000,57.03,57.3,56.46
05/22/2019,57.57,18296780,57.34,57.93,57.29
05/21/2019,57.48,23203160,57.42,57.64,56.9
05/20/2019,56.94,27065840,57.23,57.34,56.57
05/17/2019,58.12,24172460,58.42,59.01,58
05/16/2019,58.95,30628080,58.23,59.41,58.14
05/15/2019,58.21,45786040,55.89,58.57,55.83
05/14/2019,56.02,36732080,56.86,57.02,55.98
05/13/2019,56.6,37212960,57.1,57.4,56.11
05/10/2019,58.21,26290920,58.18,58.63,57.13
05/09/2019,58.12,23719460,57.95,58.48,57.54
05/08/2019,58.31,26190280,58.6,59.02,58.29
05/07/2019,58.71,31027360,59.02,59.52,58.05
05/06/2019,59.47,31278860,58.31,59.54,58.31
05/03/2019,59.27,39613060,58.68,59.34,58.45
05/02/2019,58.13,38896340,58.39,58.71,57.75
05/01/2019,58.4,52859660,59.4,59.4,58.36
04/30/2019,59.42,123893820,59.25,59.64,58.75
04/29/2019,64.38,48255760,63.7,64.46,63.31
04/26/2019,63.61,24565520,63.45,63.65,63.02
04/25/2019,63.17,21992280,63.24,63.37,62.6
04/24/2019,62.8,20300120,63.21,63.4,62.75
04/23/2019,63.23,25423900,62.53,63.45,62.32
04/22/2019,62.44,16131540,61.8,62.45,61.42
04/18/2019,61.82,26313520,61.96,62.1,61.73
04/17/2019,61.82,24237320,61.65,62.03,61.39
04/16/2019,61.36,17105160,61.25,61.54,61.01
04/15/2019,61.06,23747060,60.9,61.21,60.46
04/12/2019,60.89,18535980,60.5,60.92,60.41
04/11/2019,60.23,14188340,60.2,60.4,60.01
04/10/2019,60.11,14490480,60.03,60.19,59.82
04/09/2019,59.86,17308320,59.8,60.11,59.65
04/08/2019,60.19,17199380,60.39,60.43,59.99
04/05/2019,60.36,18019000,60.75,60.81,60.25
04/04/2019,60.75,18999240,60.3,60.78,60.21
04/03/2019,60.3,20283900,60.37,60.82,60.03
04/02/2019,60.02,16016400,59.77,60.07,59.29
04/01/2019,59.72,23764700,59.21,59.83,59.1
03/29/2019,58.67,25391460,58.75,58.95,58.14
03/28/2019,58.42,19336860,58.58,58.58,57.97
03/27/2019,58.65,27244340,59.28,59.38,57.97
03/26/2019,59.23,37892780,59.93,60.14,58.84
03/25/2019,59.65,29876820,59.85,60.32,59.35
03/22/2019,60.28,33378200,61.32,61.5,60.14
03/21/2019,61.58,23917980,60.8,61.59,60.66
03/20/2019,61.2,41787340,59.87,61.36,59.81
03/19/2019,59.94,28097260,59.44,60,59.29
03/18/2019,59.21,24250120,59.17,59.5,58.87
03/15/2019,59.22,49151940,59.67,59.83,59.13
03/14/2019,59.28,23019000,59.73,59.89,59.22
03/13/2019,59.67,28696320,60.03,60.05,59.6
03/12/2019,59.66,40246120,58.91,60,58.91
03/11/2019,58.79,31386640,57.22,58.81,57.22
03/08/2019,57.12,24245420,56.34,57.35,56.17
03/07/2019,57.17,23321520,57.79,57.84,56.75
03/06/2019,57.89,21882000,58.12,58.38,57.77
03/05/2019,58.1,28447140,57.5,58.48,57.31
03/04/2019,57.39,28895480,57.35,57.91,56.53
03/01/2019,57.05,28949080,56.25,57.15,56.24
02/28/2019,56,30821360,55.57,56.38,55.55
02/27/2019,55.8,19367240,55.35,55.9,55.05
02/26/2019,55.76,29395220,55.29,55.98,55
02/25/2019,55.47,27905620,55.8,55.93,55.36
02/22/2019,55.52,20967220,55.05,55.56,54.78
02/21/2019,54.85,28294880,55.54,55.6,54.63
02/20/2019,55.69,21602880,56,56.17,55.26
02/19/2019,55.93,20926300,55.5,56.09,55.5
02/15/2019,55.68,28849220,56.5,56.58,55.53
02/14/2019,56.08,18833560,55.9,56.41,55.52
02/13/2019,56.01,20972600,56.25,56.74,55.93
02/12/2019,56.07,32173160,55.34,56.26,55.29
02/11/2019,54.75,21276500,54.85,55.3,54.64
02/08/2019,54.75,21440620,54.35,54.95,54.33
02/07/2019,54.94,40812300,55.21,55.24,54.3
02/06/2019,55.76,42033480,56.98,57.35,55.64
02/05/2019,57.3,70599480,56.24,57.34,55.86
02/04/2019,56.64,50363680,55.63,56.64,55.45
02/01/2019,55.54,29112180,55.62,56.25,55.24
01/31/2019,55.82,30629260,55.15,55.87,54.77
01/30/2019,54.45,24835200,53.42,54.55,53.34
01/29/2019,53.03,20134620,53.63,53.76,52.79
01/28/2019,53.5,25554900,54.01,54.15,53.19
01/25/2019,54.55,22295700,54.25,54.7,54.09
